{
    "vertices":[-0.75,6.55671e-08,0.75,0.75,6.55671e-08,0.75,-0.75,-6.55671e-08,-0.75,0.75,-6.55671e-08,-0.75],
    "faces":[40,2,0,3,0,1,2,0,1,2,0,0,0,40,1,3,0,3,2,1,3,2,1,0,0,0],
    "uvs":[[0,1,0,0,1,1,1,0],[0,1,0,0,1,1,1,0]],
    "metadata":{
        "uvs":2,
        "type":"Geometry",
        "faces":5,
        "normals":1,
        "vertices":4,
        "version":3,
        "generator":"io_three"
    },
    "normals":[0,1,0]
}